name	ena_id	assay_name	lab	lab_code	pop	kgp_phase1	kgp_phase3
HG00096	ERR188040	HG00096.1.M_111124_6	UNIGE	1	GBR	1	1
HG00097	ERR188231	HG00097.7.M_120219_2	LUMC	7	GBR	1	1
HG00099	ERR188428	HG00099.5.M_120131_3	HMGU	5	GBR	1	1
HG00100	ERR188206	HG00100.2.M_111215_8	CNAG_CRG	2	GBR	1	1
HG00101	ERR188307	HG00101.1.M_111124_4	UNIGE	1	GBR	1	1
HG00102	ERR188416	HG00102.3.M_120202_8	MPIMG	3	GBR	1	1
HG00103	ERR188136	HG00103.4.M_120208_3	ICMB	4	GBR	1	1
HG00104	ERR188247	HG00104.1.M_111124_5	UNIGE	1	GBR	1	0
HG00105	ERR188368	HG00105.3.M_120223_6	MPIMG	3	GBR	0	1
HG00106	ERR188167	HG00106.4.M_120208_5	ICMB	4	GBR	1	1
HG00108	ERR188166	HG00108.7.M_120219_2	LUMC	7	GBR	1	1
HG00109	ERR188328	HG00109.3.M_120202_5	MPIMG	3	GBR	1	1
HG00110	ERR188082	HG00110.2.M_120131_2	CNAG_CRG	2	GBR	1	1
HG00111	ERR188342	HG00111.2.M_111215_4	CNAG_CRG	2	GBR	1	1
HG00112	ERR188465	HG00112.6.M_120119_2	UU	6	GBR	1	1
HG00114	ERR188071	HG00114.6.M_120217_1	UU	6	GBR	1	1
HG00115	ERR188186	HG00115.6.M_120119_1	UU	6	GBR	0	1
HG00116	ERR188293	HG00116.2.M_120131_1	CNAG_CRG	2	GBR	1	1
HG00117	ERR188219	HG00117.1.M_111124_2	UNIGE	1	GBR	1	1
HG00118	ERR188236	HG00118.4.M_120208_5	ICMB	4	GBR	1	1
HG00119	ERR188119	HG00119.2.M_111216_6	CNAG_CRG	2	GBR	1	1
HG00120	ERR188315	HG00120.3.M_120202_2	MPIMG	3	GBR	1	1
HG00121	ERR188087	HG00121.1.M_111124_7	UNIGE	1	GBR	1	1
HG00122	ERR188285	HG00122.6.M_120119_1	UU	6	GBR	1	1
HG00123	ERR188035	HG00123.4.M_120208_7	ICMB	4	GBR	1	1
HG00124	ERR188310	HG00124.3.M_120223_7	MPIMG	3	GBR	1	0
HG00125	ERR188059	HG00125.1.M_111124_6	UNIGE	1	GBR	1	1
HG00126	ERR188461	HG00126.1.M_111124_8	UNIGE	1	GBR	1	1
HG00127	ERR188337	HG00127.1.M_111124_2	UNIGE	1	GBR	1	1
HG00128	ERR188245	HG00128.1.M_111124_6	UNIGE	1	GBR	1	1
HG00129	ERR188412	HG00129.4.M_120208_8	ICMB	4	GBR	1	1
HG00130	ERR188443	HG00130.5.M_120131_7	HMGU	5	GBR	1	1
HG00131	ERR188403	HG00131.2.M_111215_5	CNAG_CRG	2	GBR	1	1
HG00132	ERR188430	HG00132.2.M_111215_4	CNAG_CRG	2	GBR	0	1
HG00133	ERR188189	HG00133.2.M_111216_2	CNAG_CRG	2	GBR	1	1
HG00134	ERR188338	HG00134.6.M_120119_6	UU	6	GBR	1	0
HG00135	ERR188133	HG00135.3.M_120202_8	MPIMG	3	GBR	1	0
HG00136	ERR188383	HG00136.4.M_120208_7	ICMB	4	GBR	1	1
HG00137	ERR188095	HG00137.6.M_120217_1	UU	6	GBR	1	1
HG00138	ERR188385	HG00138.5.M_120131_5	HMGU	5	GBR	1	1
HG00139	ERR188144	HG00139.7.M_120219_1	LUMC	7	GBR	1	1
HG00141	ERR188401	HG00141.5.M_120131_3	HMGU	5	GBR	1	1
HG00142	ERR188466	HG00142.4.M_120208_6	ICMB	4	GBR	1	1
HG00143	ERR188257	HG00143.7.M_120219_2	LUMC	7	GBR	1	1
HG00145	ERR188073	HG00145.6.M_120119_1	UU	6	GBR	0	1
HG00146	ERR188455	HG00146.2.M_111216_1	CNAG_CRG	2	GBR	1	1
HG00148	ERR188379	HG00148.3.M_120202_6	MPIMG	3	GBR	1	1
HG00149	ERR188065	HG00149.1.M_111124_6	UNIGE	1	GBR	1	1
HG00150	ERR188309	HG00150.4.M_120208_7	ICMB	4	GBR	1	1
HG00151	ERR188116	HG00151.3.M_120202_4	MPIMG	3	GBR	1	1
HG00152	ERR188084	HG00152.7.M_120219_3	LUMC	7	GBR	1	0
HG00154	ERR188468	HG00154.5.M_120131_7	HMGU	5	GBR	1	1
HG00155	ERR188028	HG00155.1.M_111124_2	UNIGE	1	GBR	1	1
HG00156	ERR188287	HG00156.4.M_120208_1	ICMB	4	GBR	1	0
HG00157	ERR188041	HG00157.5.M_120131_3	HMGU	5	GBR	0	1
HG00158	ERR188332	HG00158.1.M_111124_8	UNIGE	1	GBR	1	1
HG00159	ERR188164	HG00159.7.M_120219_6	LUMC	7	GBR	1	1
HG00160	ERR188387	HG00160.3.M_120202_1	MPIMG	3	GBR	1	1
HG00171	ERR188190	HG00171.3.M_120202_2	MPIMG	3	FIN	1	1
HG00173	ERR188445	HG00173.3.M_120202_1	MPIMG	3	FIN	1	1
HG00174	ERR188163	HG00174.4.M_120208_3	ICMB	4	FIN	1	1
HG00176	ERR188187	HG00176.4.M_120208_2	ICMB	4	FIN	1	1
HG00177	ERR188180	HG00177.4.M_120208_8	ICMB	4	FIN	1	1
HG00178	ERR188248	HG00178.4.M_120208_8	ICMB	4	FIN	1	1
HG00179	ERR188304	HG00179.1.M_111124_8	UNIGE	1	FIN	1	1
HG00180	ERR188146	HG00180.1.M_111124_8	UNIGE	1	FIN	1	1
HG00181	ERR188118	HG00181.4.M_120208_4	ICMB	4	FIN	0	1
HG00182	ERR188149	HG00182.1.M_111124_4	UNIGE	1	FIN	1	1
HG00183	ERR188302	HG00183.5.M_120131_5	HMGU	5	FIN	1	1
HG00185	ERR188320	HG00185.1.M_111124_5	UNIGE	1	FIN	1	1
HG00186	ERR188090	HG00186.3.M_120202_5	MPIMG	3	FIN	1	1
HG00187	ERR188425	HG00187.1.M_120209_2	UNIGE	1	FIN	1	1
HG00188	ERR188400	HG00188.1.M_111124_3	UNIGE	1	FIN	1	1
HG00189	ERR188361	HG00189.1.M_111124_5	UNIGE	1	FIN	1	1
HG00231	ERR188212	HG00231.2.M_111216_2	CNAG_CRG	2	GBR	1	1
HG00232	ERR188289	HG00232.7.M_120219_3	LUMC	7	GBR	1	1
HG00233	ERR188312	HG00233.2.M_111215_8	CNAG_CRG	2	GBR	1	1
HG00234	ERR188237	HG00234.7.M_120219_4	LUMC	7	GBR	1	1
HG00235	ERR188450	HG00235.1.M_111124_1	UNIGE	1	GBR	1	1
HG00236	ERR188036	HG00236.5.M_120131_5	HMGU	5	GBR	1	1
HG00238	ERR188333	HG00238.5.M_120131_5	HMGU	5	GBR	1	1
HG00239	ERR188112	HG00239.7.M_120219_4	LUMC	7	GBR	1	1
HG00240	ERR188370	HG00240.2.M_111215_5	CNAG_CRG	2	GBR	1	1
HG00242	ERR188053	HG00242.3.M_120202_7	MPIMG	3	GBR	1	1
HG00243	ERR188411	HG00243.4.M_120208_2	ICMB	4	GBR	1	1
HG00244	ERR188448	HG00244.5.M_120131_7	HMGU	5	GBR	1	1
HG00245	ERR188159	HG00245.4.M_120208_6	ICMB	4	GBR	1	1
HG00246	ERR188271	HG00246.7.M_120219_4	LUMC	7	GBR	1	1
HG00247	ERR188106	HG00247.3.M_120202_1	MPIMG	3	GBR	1	0
HG00249	ERR188456	HG00249.3.M_120202_4	MPIMG	3	GBR	1	0
HG00250	ERR188080	HG00250.1.M_111124_4	UNIGE	1	GBR	1	1
HG00251	ERR188154	HG00251.2.M_111216_8	CNAG_CRG	2	GBR	1	1
HG00252	ERR188464	HG00252.1.M_111124_5	UNIGE	1	GBR	1	1
HG00253	ERR188351	HG00253.5.M_120131_7	HMGU	5	GBR	1	1
HG00255	ERR188111	HG00255.2.M_111216_1	CNAG_CRG	2	GBR	1	1
HG00256	ERR188091	HG00256.2.M_111215_7	CNAG_CRG	2	GBR	1	1
HG00257	ERR188323	HG00257.4.M_120208_5	ICMB	4	GBR	1	1
HG00258	ERR188242	HG00258.1.M_111124_6	UNIGE	1	GBR	1	1
HG00259	ERR188378	HG00259.5.M_120131_3	HMGU	5	GBR	1	1
HG00260	ERR188185	HG00260.5.M_120131_7	HMGU	5	GBR	1	1
HG00261	ERR188130	HG00261.6.M_120119_2	UU	6	GBR	1	1
HG00262	ERR188057	HG00262.2.M_111215_8	CNAG_CRG	2	GBR	1	1
HG00263	ERR188070	HG00263.6.M_120119_3	UU	6	GBR	1	1
HG00264	ERR188366	HG00264.6.M_120119_5	UU	6	GBR	1	1
HG00265	ERR188222	HG00265.2.M_111215_4	CNAG_CRG	2	GBR	1	1
HG00266	ERR188267	HG00266.6.M_120119_3	UU	6	FIN	1	1
HG00267	ERR188355	HG00267.4.M_120208_6	ICMB	4	FIN	1	1
HG00268	ERR188117	HG00268.5.M_120131_3	HMGU	5	FIN	1	1
HG00269	ERR188238	HG00269.2.M_111216_7	CNAG_CRG	2	FIN	1	1
HG00271	ERR188397	HG00271.2.M_111215_7	CNAG_CRG	2	FIN	1	1
HG00272	ERR188250	HG00272.7.M_120219_7	LUMC	7	FIN	1	1
HG00273	ERR188034	HG00273.3.M_120202_7	MPIMG	3	FIN	1	1
HG00274	ERR188264	HG00274.6.M_120119_1	UU	6	FIN	1	1
HG00275	ERR188326	HG00275.4.M_120208_8	ICMB	4	FIN	1	1
HG00276	ERR188318	HG00276.2.M_111215_8	CNAG_CRG	2	FIN	1	1
HG00277	ERR188274	HG00277.3.M_120202_6	MPIMG	3	FIN	1	1
HG00278	ERR188230	HG00278.1.M_111124_5	UNIGE	1	FIN	1	1
HG00280	ERR188457	HG00280.1.M_111124_6	UNIGE	1	FIN	1	1
HG00281	ERR188263	HG00281.1.M_111124_3	UNIGE	1	FIN	1	1
HG00282	ERR188266	HG00282.2.M_111216_6	CNAG_CRG	2	FIN	1	1
HG00284	ERR188194	HG00284.1.M_111124_6	UNIGE	1	FIN	1	1
HG00285	ERR188083	HG00285.3.M_120202_5	MPIMG	3	FIN	1	1
HG00306	ERR188240	HG00306.1.M_111124_1	UNIGE	1	FIN	1	1
HG00308	ERR188482	HG00308.3.M_120202_3	MPIMG	3	FIN	0	1
HG00309	ERR188432	HG00309.7.M_120219_7	LUMC	7	FIN	1	1
HG00310	ERR188205	HG00310.4.M_120208_3	ICMB	4	FIN	1	1
HG00311	ERR188121	HG00311.4.M_120208_6	ICMB	4	FIN	1	1
HG00312	ERR188346	HG00312.7.M_120219_6	LUMC	7	FIN	1	0
HG00313	ERR188123	HG00313.2.M_111216_6	CNAG_CRG	2	FIN	1	1
HG00315	ERR188023	HG00315.2.M_111215_5	CNAG_CRG	2	FIN	1	1
HG00319	ERR188300	HG00319.4.M_120208_7	ICMB	4	FIN	1	1
HG00320	ERR188046	HG00320.1.M_111124_1	UNIGE	1	FIN	1	1
HG00321	ERR188045	HG00321.2.M_111216_2	CNAG_CRG	2	FIN	1	1
HG00323	ERR188255	HG00323.1.M_111124_4	UNIGE	1	FIN	1	1
HG00324	ERR188113	HG00324.1.M_111124_2	UNIGE	1	FIN	1	1
HG00325	ERR188218	HG00325.5.M_120131_1	HMGU	5	FIN	1	1
HG00326	ERR188418	HG00326.1.M_111124_7	UNIGE	1	FIN	1	1
HG00327	ERR188417	HG00327.3.M_120202_4	MPIMG	3	FIN	1	1
HG00328	ERR188341	HG00328.2.M_111215_4	CNAG_CRG	2	FIN	1	1
HG00329	ERR188439	HG00329.5.M_120131_3	HMGU	5	FIN	1	1
HG00330	ERR188296	HG00330.1.M_120209_2	UNIGE	1	FIN	1	1
HG00331	ERR188056	HG00331.7.M_120219_8	LUMC	7	FIN	1	1
HG00332	ERR188294	HG00332.6.M_120217_1	UU	6	FIN	1	1
HG00334	ERR188127	HG00334.2.M_111216_5	CNAG_CRG	2	FIN	1	1
HG00335	ERR188156	HG00335.2.M_111216_5	CNAG_CRG	2	FIN	1	1
HG00336	ERR188033	HG00336.1.M_120209_2	UNIGE	1	FIN	1	1
HG00337	ERR188098	HG00337.5.M_120131_5	HMGU	5	FIN	1	1
HG00338	ERR188169	HG00338.2.M_111215_8	CNAG_CRG	2	FIN	1	1
HG00339	ERR188321	HG00339.4.M_120208_1	ICMB	4	FIN	1	1
HG00341	ERR188197	HG00341.2.M_111216_7	CNAG_CRG	2	FIN	1	1
HG00342	ERR188270	HG00342.1.M_111124_1	UNIGE	1	FIN	1	1
HG00343	ERR188141	HG00343.1.M_111124_5	UNIGE	1	FIN	1	1
HG00344	ERR188473	HG00344.4.M_120208_2	ICMB	4	FIN	1	1
HG00345	ERR188038	HG00345.1.M_120209_1	UNIGE	1	FIN	1	1
HG00346	ERR188168	HG00346.2.M_120131_1	CNAG_CRG	2	FIN	1	1
HG00349	ERR188075	HG00349.4.M_120208_4	ICMB	4	FIN	1	1
HG00350	ERR188031	HG00350.3.M_120202_3	MPIMG	3	FIN	1	1
HG00351	ERR188124	HG00351.6.M_120119_5	UU	6	FIN	1	1
HG00353	ERR188340	HG00353.1.M_111124_6	UNIGE	1	FIN	1	1
HG00355	ERR188029	HG00355.2.M_111215_6	CNAG_CRG	2	FIN	1	1
HG00356	ERR188241	HG00356.2.M_111215_6	CNAG_CRG	2	FIN	1	1
HG00358	ERR188089	HG00358.5.M_120131_5	HMGU	5	FIN	1	1
HG00359	ERR188175	HG00359.1.M_111124_6	UNIGE	1	FIN	1	0
HG00360	ERR188374	HG00360.3.M_120202_8	MPIMG	3	FIN	1	1
HG00361	ERR188215	HG00361.7.M_120219_5	LUMC	7	FIN	1	1
HG00362	ERR188480	HG00362.3.M_120202_2	MPIMG	3	FIN	1	1
HG00364	ERR188303	HG00364.2.M_111215_8	CNAG_CRG	2	FIN	1	1
HG00365	ERR188395	HG00365.7.M_120219_5	LUMC	7	FIN	0	1
HG00366	ERR188150	HG00366.4.M_120208_1	ICMB	4	FIN	1	1
HG00367	ERR188358	HG00367.2.M_120131_1	CNAG_CRG	2	FIN	1	1
HG00369	ERR188260	HG00369.5.M_120131_1	HMGU	5	FIN	1	1
HG00371	ERR188362	HG00371.1.M_111124_3	UNIGE	1	FIN	0	1
HG00372	ERR188078	HG00372.4.M_120208_3	ICMB	4	FIN	1	1
HG00373	ERR188198	HG00373.2.M_111215_6	CNAG_CRG	2	FIN	1	1
HG00375	ERR188462	HG00375.4.M_120208_4	ICMB	4	FIN	1	1
HG00376	ERR188299	HG00376.2.M_111216_1	CNAG_CRG	2	FIN	1	1
HG00377	ERR188025	HG00377.2.M_120131_2	CNAG_CRG	2	FIN	1	0
HG00378	ERR188472	HG00378.5.M_120131_5	HMGU	5	FIN	1	1
HG00379	ERR188330	HG00379.5.M_120131_3	HMGU	5	FIN	0	1
HG00380	ERR188314	HG00380.3.M_120202_8	MPIMG	3	FIN	0	1
HG00381	ERR188280	HG00381.3.M_120202_7	MPIMG	3	FIN	1	1
HG00382	ERR188115	HG00382.4.M_120208_4	ICMB	4	FIN	1	1
HG00383	ERR188102	HG00383.1.M_111124_1	UNIGE	1	FIN	1	1
HG00384	ERR188043	HG00384.2.M_111216_4	CNAG_CRG	2	FIN	1	1
HG01334	ERR188469	HG01334.7.M_120219_8	LUMC	7	GBR	1	1
HG01789	ERR188391	HG01789.6.M_120119_1	UU	6	GBR	0	1
HG01790	ERR188407	HG01790.3.M_120202_3	MPIMG	3	GBR	0	1
HG01791	ERR188478	HG01791.2.M_111216_5	CNAG_CRG	2	GBR	0	1
HG02215	ERR188470	HG02215.1.M_111124_4	UNIGE	1	GBR	0	1
NA06984	ERR188325	NA06984.1.M_111124_4	UNIGE	1	CEU	1	1
NA06985	ERR188327	NA06985.1.M_111124_7	UNIGE	1	CEU	0	1
NA06986	ERR188213	NA06986.2.M_111215_4	CNAG_CRG	2	CEU	1	1
NA06989	ERR188202	NA06989.3.M_120202_7	MPIMG	3	CEU	1	1
NA06994	ERR188047	NA06994.2.M_111215_7	CNAG_CRG	2	CEU	1	1
NA07037	ERR188376	NA07037.6.M_120119_4	UU	6	CEU	1	1
NA07048	ERR188481	NA07048.6.M_120119_6	UU	6	CEU	1	1
NA07051	ERR188474	NA07051.5.M_120131_1	HMGU	5	CEU	1	1
NA07056	ERR188027	NA07056.1.M_111124_3	UNIGE	1	CEU	1	1
NA07346	ERR188135	NA07346.2.M_111215_7	CNAG_CRG	2	CEU	0	0
NA07347	ERR188324	NA07347.7.M_120219_3	LUMC	7	CEU	1	1
NA07357	ERR188176	NA07357.2.M_111216_5	CNAG_CRG	2	CEU	1	1
NA10847	ERR188101	NA10847.4.M_120208_4	ICMB	4	CEU	1	1
NA10851	ERR188389	NA10851.4.M_120208_1	ICMB	4	CEU	1	1
NA11829	ERR188433	NA11829.6.M_120217_1	UU	6	CEU	1	1
NA11830	ERR188435	NA11830.3.M_120202_4	MPIMG	3	CEU	1	1
NA11831	ERR188067	NA11831.7.M_120219_2	LUMC	7	CEU	1	1
NA11832	ERR188217	NA11832.2.M_120131_2	CNAG_CRG	2	CEU	0	1
NA11840	ERR188246	NA11840.6.M_120119_5	UU	6	CEU	0	1
NA11843	ERR188426	NA11843.4.M_120208_6	ICMB	4	CEU	1	1
NA11881	ERR188272	NA11881.1.M_111124_5	UNIGE	1	CEU	0	1
NA11892	ERR188086	NA11892.1.M_111124_2	UNIGE	1	CEU	1	1
NA11893	ERR188077	NA11893.7.M_120219_3	LUMC	7	CEU	1	1
NA11894	ERR188122	NA11894.2.M_111215_4	CNAG_CRG	2	CEU	1	1
NA11918	ERR188161	NA11918.1.M_111124_3	UNIGE	1	CEU	0	1
NA11920	ERR188371	NA11920.2.M_120131_1	CNAG_CRG	2	CEU	1	1
NA11930	ERR188235	NA11930.3.M_120202_8	MPIMG	3	CEU	1	1
NA11931	ERR188049	NA11931.1.M_111124_8	UNIGE	1	CEU	1	1
NA11992	ERR188062	NA11992.6.M_120119_5	UU	6	CEU	1	1
NA11993	ERR188233	NA11993.2.M_111216_4	CNAG_CRG	2	CEU	1	0
NA11994	ERR188301	NA11994.2.M_111216_7	CNAG_CRG	2	CEU	1	1
NA11995	ERR188348	NA11995.7.M_120219_5	LUMC	7	CEU	1	1
NA12004	ERR188336	NA12004.4.M_120208_5	ICMB	4	CEU	1	1
NA12005	ERR188058	NA12005.4.M_120208_1	ICMB	4	CEU	0	1
NA12006	ERR188076	NA12006.5.M_120131_1	HMGU	5	CEU	1	1
NA12043	ERR188414	NA12043.2.M_120127_7	CNAG_CRG	2	CEU	1	1
NA12044	ERR188229	NA12044.4.M_120208_8	ICMB	4	CEU	1	1
NA12045	ERR188377	NA12045.3.M_120202_3	MPIMG	3	CEU	1	1
NA12058	ERR188415	NA12058.5.M_120131_7	HMGU	5	CEU	1	1
NA12144	ERR188039	NA12144.4.M_120208_1	ICMB	4	CEU	1	1
NA12154	ERR188172	NA12154.5.M_120131_3	HMGU	5	CEU	1	1
NA12155	ERR188331	NA12155.4.M_120208_8	ICMB	4	CEU	1	1
NA12156	ERR188410	NA12156.4.M_120208_7	ICMB	4	CEU	0	1
NA12234	ERR188177	NA12234.7.M_120219_6	LUMC	7	CEU	0	1
NA12249	ERR188319	NA12249.1.M_120209_1	UNIGE	1	CEU	1	1
NA12272	ERR188438	NA12272.3.M_120202_5	MPIMG	3	CEU	1	1
NA12273	ERR188431	NA12273.1.M_111124_4	UNIGE	1	CEU	1	1
NA12275	ERR188032	NA12275.7.M_120219_5	LUMC	7	CEU	1	1
NA12282	ERR188148	NA12282.3.M_120202_7	MPIMG	3	CEU	1	1
NA12283	ERR188262	NA12283.2.M_111216_5	CNAG_CRG	2	CEU	1	1
NA12286	ERR188467	NA12286.2.M_111216_1	CNAG_CRG	2	CEU	1	1
NA12287	ERR188142	NA12287.3.M_120202_3	MPIMG	3	CEU	1	1
NA12340	ERR188277	NA12340.5.M_120131_7	HMGU	5	CEU	1	1
NA12341	ERR188388	NA12341.1.M_111124_5	UNIGE	1	CEU	1	1
NA12342	ERR188107	NA12342.1.M_111124_5	UNIGE	1	CEU	1	1
NA12347	ERR188446	NA12347.1.M_111124_7	UNIGE	1	CEU	1	1
NA12348	ERR188441	NA12348.3.M_120202_6	MPIMG	3	CEU	1	1
NA12383	ERR188396	NA12383.1.M_111124_3	UNIGE	1	CEU	1	1
NA12399	ERR188350	NA12399.1.M_120209_4	UNIGE	1	CEU	1	1
NA12400	ERR188220	NA12400.2.M_111216_2	CNAG_CRG	2	CEU	1	1
NA12413	ERR188181	NA12413.2.M_111215_6	CNAG_CRG	2	CEU	1	1
NA12489	ERR188048	NA12489.1.M_111124_2	UNIGE	1	CEU	1	1
NA12546	ERR188092	NA12546.3.M_120202_4	MPIMG	3	CEU	1	1
NA12716	ERR188140	NA12716.7.M_120219_6	LUMC	7	CEU	1	1
NA12717	ERR188196	NA12717.1.M_111124_3	UNIGE	1	CEU	1	1
NA12718	ERR188244	NA12718.1.M_111124_7	UNIGE	1	CEU	1	1
NA12749	ERR188024	NA12749.1.M_111124_2	UNIGE	1	CEU	1	1
NA12750	ERR188404	NA12750.2.M_111216_2	CNAG_CRG	2	CEU	1	1
NA12751	ERR188152	NA12751.2.M_111215_8	CNAG_CRG	2	CEU	1	1
NA12760	ERR188308	NA12760.3.M_120202_3	MPIMG	3	CEU	0	1
NA12761	ERR188061	NA12761.6.M_120119_2	UU	6	CEU	1	1
NA12762	ERR188100	NA12762.4.M_120208_3	ICMB	4	CEU	0	1
NA12763	ERR188420	NA12763.2.M_111216_8	CNAG_CRG	2	CEU	1	1
NA12775	ERR188354	NA12775.7.M_120219_5	LUMC	7	CEU	1	1
NA12776	ERR188279	NA12776.6.M_120119_6	UU	6	CEU	0	1
NA12777	ERR188256	NA12777.4.M_120208_6	ICMB	4	CEU	1	1
NA12778	ERR188477	NA12778.1.M_111124_4	UNIGE	1	CEU	1	1
NA12812	ERR188022	NA12812.1.M_111124_4	UNIGE	1	CEU	1	1
NA12813	ERR188291	NA12813.2.M_111216_6	CNAG_CRG	2	CEU	0	1
NA12814	ERR188081	NA12814.7.M_120219_3	LUMC	7	CEU	1	1
NA12815	ERR188339	NA12815.1.M_111124_3	UNIGE	1	CEU	1	1
NA12827	ERR188134	NA12827.3.M_120202_2	MPIMG	3	CEU	1	1
NA12829	ERR188228	NA12829.7.M_120219_4	LUMC	7	CEU	1	1
NA12830	ERR188051	NA12830.1.M_111124_2	UNIGE	1	CEU	1	1
NA12842	ERR188349	NA12842.6.M_120119_4	UU	6	CEU	1	1
NA12843	ERR188099	NA12843.6.M_120119_4	UU	6	CEU	1	1
NA12872	ERR188157	NA12872.2.M_111216_2	CNAG_CRG	2	CEU	1	1
NA12873	ERR188216	NA12873.7.M_120219_1	LUMC	7	CEU	1	1
NA12874	ERR188227	NA12874.3.M_120202_2	MPIMG	3	CEU	1	1
NA12889	ERR188429	NA12889.3.M_120223_7	MPIMG	3	CEU	1	1
NA12890	ERR188413	NA12890.1.M_111124_3	UNIGE	1	CEU	1	1
NA18486	ERR188214	NA18486.7.M_120219_4	LUMC	7	YRI	1	1
NA18487	ERR188143	NA18487.6.M_120119_5	UU	6	YRI	1	0
NA18488	ERR188311	NA18488.4.M_120208_7	ICMB	4	YRI	0	1
NA18489	ERR188151	NA18489.2.M_111216_1	CNAG_CRG	2	YRI	1	1
NA18498	ERR188044	NA18498.2.M_120131_1	CNAG_CRG	2	YRI	1	1
NA18499	ERR188449	NA18499.1.M_111124_2	UNIGE	1	YRI	1	1
NA18502	ERR188158	NA18502.7.M_120219_8	LUMC	7	YRI	1	1
NA18505	ERR188273	NA18505.3.M_120202_1	MPIMG	3	YRI	1	1
NA18508	ERR188162	NA18508.1.M_111124_1	UNIGE	1	YRI	1	1
NA18510	ERR188165	NA18510.3.M_120202_7	MPIMG	3	YRI	1	1
NA18511	ERR188097	NA18511.7.M_120219_2	LUMC	7	YRI	1	1
NA18517	ERR188060	NA18517.3.M_120202_1	MPIMG	3	YRI	1	1
NA18519	ERR188200	NA18519.1.M_111124_3	UNIGE	1	YRI	1	1
NA18520	ERR188085	NA18520.1.M_111124_1	UNIGE	1	YRI	1	1
NA18858	ERR188375	NA18858.2.M_111216_8	CNAG_CRG	2	YRI	1	1
NA18861	ERR188278	NA18861.1.M_120209_2	UNIGE	1	YRI	1	1
NA18867	ERR188298	NA18867.1.M_111124_2	UNIGE	1	YRI	1	1
NA18868	ERR188344	NA18868.5.M_120131_3	HMGU	5	YRI	1	1
NA18870	ERR188373	NA18870.6.M_120119_4	UU	6	YRI	1	1
NA18873	ERR188313	NA18873.4.M_120208_7	ICMB	4	YRI	1	1
NA18907	ERR188283	NA18907.6.M_120217_1	UU	6	YRI	1	1
NA18908	ERR188223	NA18908.7.M_120219_7	LUMC	7	YRI	1	1
NA18909	ERR188352	NA18909.4.M_120208_8	ICMB	4	YRI	1	1
NA18910	ERR188442	NA18910.3.M_120202_7	MPIMG	3	YRI	1	1
NA18912	ERR188182	NA18912.7.M_120219_3	LUMC	7	YRI	1	1
NA18916	ERR188269	NA18916.2.M_111215_6	CNAG_CRG	2	YRI	1	1
NA18917	ERR188139	NA18917.1.M_111124_5	UNIGE	1	YRI	1	1
NA18923	ERR188409	NA18923.2.M_111216_5	CNAG_CRG	2	YRI	1	1
NA18933	ERR188096	NA18933.1.M_111124_2	UNIGE	1	YRI	1	1
NA18934	ERR188447	NA18934.3.M_120223_7	MPIMG	3	YRI	1	1
NA19092	ERR188128	NA19092.1.M_111124_3	UNIGE	1	YRI	0	1
NA19093	ERR188476	NA19093.7.M_120219_7	LUMC	7	YRI	1	1
NA19095	ERR188268	NA19095.2.M_120131_2	CNAG_CRG	2	YRI	1	1
NA19096	ERR188069	NA19096.4.M_120208_4	ICMB	4	YRI	1	1
NA19098	ERR188243	NA19098.5.M_120131_1	HMGU	5	YRI	1	1
NA19099	ERR188188	NA19099.2.M_111215_7	CNAG_CRG	2	YRI	1	1
NA19102	ERR188367	NA19102.1.M_111124_1	UNIGE	1	YRI	1	1
NA19107	ERR188423	NA19107.2.M_111216_5	CNAG_CRG	2	YRI	1	1
NA19108	ERR188261	NA19108.5.M_120131_7	HMGU	5	YRI	1	1
NA19113	ERR188221	NA19113.3.M_120202_1	MPIMG	3	YRI	1	1
NA19114	ERR188178	NA19114.2.M_111215_7	CNAG_CRG	2	YRI	1	1
NA19116	ERR188234	NA19116.2.M_111215_7	CNAG_CRG	2	YRI	1	1
NA19117	ERR188365	NA19117.1.M_111124_4	UNIGE	1	YRI	1	1
NA19118	ERR188066	NA19118.7.M_120219_8	LUMC	7	YRI	1	1
NA19119	ERR188030	NA19119.3.M_120202_4	MPIMG	3	YRI	1	1
NA19121	ERR188109	NA19121.3.M_120202_6	MPIMG	3	YRI	1	1
NA19129	ERR188444	NA19129.6.M_120217_1	UU	6	YRI	1	1
NA19130	ERR188471	NA19130.5.M_120131_7	HMGU	5	YRI	1	1
NA19131	ERR188170	NA19131.2.M_111215_8	CNAG_CRG	2	YRI	1	1
NA19137	ERR188072	NA19137.1.M_111124_7	UNIGE	1	YRI	1	1
NA19138	ERR188306	NA19138.3.M_120202_8	MPIMG	3	YRI	1	1
NA19141	ERR188193	NA19141.6.M_120119_2	UU	6	YRI	0	1
NA19143	ERR188459	NA19143.2.M_111216_8	CNAG_CRG	2	YRI	0	1
NA19144	ERR188064	NA19144.1.M_120209_1	UNIGE	1	YRI	0	1
NA19146	ERR188104	NA19146.5.M_120131_5	HMGU	5	YRI	1	1
NA19147	ERR188184	NA19147.2.M_120131_2	CNAG_CRG	2	YRI	1	1
NA19149	ERR188451	NA19149.1.M_111124_2	UNIGE	1	YRI	1	1
NA19150	ERR188093	NA19150.5.M_120131_7	HMGU	5	YRI	1	0
NA19152	ERR188225	NA19152.4.M_120208_4	ICMB	4	YRI	1	1
NA19153	ERR188460	NA19153.1.M_111124_7	UNIGE	1	YRI	0	1
NA19159	ERR188427	NA19159.3.M_120223_6	MPIMG	3	YRI	0	1
NA19160	ERR188232	NA19160.3.M_120202_3	MPIMG	3	YRI	1	1
NA19171	ERR188055	NA19171.1.M_111124_7	UNIGE	1	YRI	1	1
NA19172	ERR188422	NA19172.6.M_120119_1	UU	6	YRI	1	1
NA19175	ERR188211	NA19175.4.M_120208_8	ICMB	4	YRI	1	1
NA19184	ERR188103	NA19184.1.M_111124_1	UNIGE	1	YRI	0	1
NA19185	ERR188183	NA19185.6.M_120119_4	UU	6	YRI	1	1
NA19189	ERR188292	NA19189.5.M_120131_7	HMGU	5	YRI	1	1
NA19190	ERR188322	NA19190.4.M_120208_2	ICMB	4	YRI	1	1
NA19197	ERR188129	NA19197.3.M_120202_2	MPIMG	3	YRI	1	1
NA19198	ERR188174	NA19198.2.M_111215_6	CNAG_CRG	2	YRI	1	1
NA19200	ERR188440	NA19200.2.M_111216_1	CNAG_CRG	2	YRI	1	1
NA19201	ERR188275	NA19201.1.M_111124_3	UNIGE	1	YRI	0	1
NA19204	ERR188042	NA19204.1.M_111124_6	UNIGE	1	YRI	1	1
NA19206	ERR188363	NA19206.2.M_111215_5	CNAG_CRG	2	YRI	0	1
NA19207	ERR188454	NA19207.4.M_120208_5	ICMB	4	YRI	1	1
NA19209	ERR188434	NA19209.6.M_120217_1	UU	6	YRI	1	1
NA19210	ERR188392	NA19210.4.M_120208_1	ICMB	4	YRI	0	1
NA19213	ERR188131	NA19213.2.M_111215_6	CNAG_CRG	2	YRI	1	1
NA19214	ERR188209	NA19214.6.M_120119_2	UU	6	YRI	0	1
NA19222	ERR188207	NA19222.2.M_111216_7	CNAG_CRG	2	YRI	1	1
NA19223	ERR188284	NA19223.7.M_120219_6	LUMC	7	YRI	1	1
NA19225	ERR188421	NA19225.1.M_120209_2	UNIGE	1	YRI	1	1
NA19235	ERR188390	NA19235.1.M_111124_6	UNIGE	1	YRI	1	1
NA19236	ERR188037	NA19236.4.M_120208_1	ICMB	4	YRI	1	1
NA19247	ERR188463	NA19247.3.M_120223_7	MPIMG	3	YRI	1	1
NA19248	ERR188364	NA19248.5.M_120131_1	HMGU	5	YRI	1	1
NA19256	ERR188120	NA19256.6.M_120119_6	UU	6	YRI	1	1
NA19257	ERR188074	NA19257.6.M_120119_2	UU	6	YRI	1	1
NA20502	ERR188380	NA20502.3.M_120202_4	MPIMG	3	TSI	1	1
NA20503	ERR188297	NA20503.1.M_111124_5	UNIGE	1	TSI	1	1
NA20504	ERR188088	NA20504.1.M_111124_7	UNIGE	1	TSI	1	1
NA20505	ERR188329	NA20505.1.M_111124_6	UNIGE	1	TSI	1	1
NA20506	ERR188254	NA20506.1.M_120209_2	UNIGE	1	TSI	1	1
NA20507	ERR188288	NA20507.1.M_111124_7	UNIGE	1	TSI	1	1
NA20508	ERR188021	NA20508.1.M_111124_2	UNIGE	1	TSI	1	1
NA20509	ERR188063	NA20509.7.M_120219_7	LUMC	7	TSI	1	1
NA20510	ERR188026	NA20510.3.M_120202_3	MPIMG	3	TSI	1	1
NA20512	ERR188369	NA20512.6.M_120119_6	UU	6	TSI	1	1
NA20513	ERR188160	NA20513.4.M_120208_1	ICMB	4	TSI	1	1
NA20514	ERR188356	NA20514.1.M_111124_4	UNIGE	1	TSI	0	1
NA20515	ERR188452	NA20515.5.M_120131_1	HMGU	5	TSI	1	1
NA20516	ERR188458	NA20516.5.M_120131_3	HMGU	5	TSI	1	1
NA20517	ERR188357	NA20517.3.M_120202_8	MPIMG	3	TSI	1	1
NA20518	ERR188050	NA20518.4.M_120208_3	ICMB	4	TSI	1	1
NA20519	ERR188145	NA20519.1.M_111124_5	UNIGE	1	TSI	1	1
NA20520	ERR188239	NA20520.3.M_120202_2	MPIMG	3	TSI	1	1
NA20521	ERR188386	NA20521.7.M_120219_7	LUMC	7	TSI	1	1
NA20524	ERR188204	NA20524.2.M_111215_8	CNAG_CRG	2	TSI	1	1
NA20525	ERR188347	NA20525.1.M_111124_1	UNIGE	1	TSI	1	1
NA20527	ERR188317	NA20527.2.M_111215_7	CNAG_CRG	2	TSI	1	1
NA20528	ERR188224	NA20528.2.M_120131_1	CNAG_CRG	2	TSI	1	1
NA20529	ERR188453	NA20529.2.M_111215_6	CNAG_CRG	2	TSI	1	1
NA20530	ERR188258	NA20530.2.M_111215_6	CNAG_CRG	2	TSI	1	1
NA20531	ERR188399	NA20531.4.M_120208_1	ICMB	4	TSI	1	1
NA20532	ERR188226	NA20532.3.M_120202_7	MPIMG	3	TSI	1	1
NA20534	ERR188114	NA20534.2.M_111215_8	CNAG_CRG	2	TSI	1	1
NA20535	ERR188398	NA20535.3.M_120202_2	MPIMG	3	TSI	1	1
NA20536	ERR188382	NA20536.1.M_111124_1	UNIGE	1	TSI	1	1
NA20537	ERR188359	NA20537.3.M_120202_8	MPIMG	3	TSI	1	0
NA20538	ERR188208	NA20538.3.M_120202_6	MPIMG	3	TSI	1	1
NA20539	ERR188138	NA20539.4.M_120208_5	ICMB	4	TSI	1	1
NA20540	ERR188436	NA20540.1.M_111124_2	UNIGE	1	TSI	1	1
NA20541	ERR188052	NA20541.1.M_111124_4	UNIGE	1	TSI	1	1
NA20542	ERR188203	NA20542.7.M_120219_2	LUMC	7	TSI	1	1
NA20543	ERR188334	NA20543.2.M_111215_5	CNAG_CRG	2	TSI	1	1
NA20544	ERR188252	NA20544.4.M_120208_5	ICMB	4	TSI	1	1
NA20581	ERR188402	NA20581.1.M_111124_4	UNIGE	1	TSI	1	1
NA20582	ERR188259	NA20582.4.M_120208_2	ICMB	4	TSI	1	1
NA20585	ERR188199	NA20585.3.M_120202_6	MPIMG	3	TSI	1	1
NA20586	ERR188353	NA20586.2.M_111215_7	CNAG_CRG	2	TSI	1	1
NA20588	ERR188201	NA20588.5.M_120131_5	HMGU	5	TSI	1	1
NA20589	ERR188343	NA20589.1.M_111124_3	UNIGE	1	TSI	1	1
NA20752	ERR188054	NA20752.5.M_120131_7	HMGU	5	TSI	1	1
NA20754	ERR188108	NA20754.4.M_120208_1	ICMB	4	TSI	1	1
NA20756	ERR188251	NA20756.2.M_111216_6	CNAG_CRG	2	TSI	1	1
NA20757	ERR188295	NA20757.1.M_111124_1	UNIGE	1	TSI	1	1
NA20758	ERR188276	NA20758.2.M_111215_8	CNAG_CRG	2	TSI	1	1
NA20759	ERR188068	NA20759.4.M_120208_3	ICMB	4	TSI	1	1
NA20760	ERR188110	NA20760.3.M_120202_5	MPIMG	3	TSI	1	1
NA20761	ERR188479	NA20761.1.M_111124_7	UNIGE	1	TSI	1	1
NA20765	ERR188153	NA20765.2.M_111215_5	CNAG_CRG	2	TSI	1	1
NA20766	ERR188126	NA20766.1.M_111124_4	UNIGE	1	TSI	1	1
NA20768	ERR188105	NA20768.5.M_120131_1	HMGU	5	TSI	1	1
NA20769	ERR188381	NA20769.6.M_120119_5	UU	6	TSI	1	1
NA20770	ERR188191	NA20770.3.M_120202_1	MPIMG	3	TSI	1	1
NA20771	ERR188345	NA20771.2.M_111215_7	CNAG_CRG	2	TSI	1	1
NA20772	ERR188393	NA20772.3.M_120223_6	MPIMG	3	TSI	1	1
NA20773	ERR188305	NA20773.6.M_120119_4	UU	6	TSI	1	1
NA20774	ERR188179	NA20774.7.M_120219_1	LUMC	7	TSI	1	1
NA20778	ERR188079	NA20778.4.M_120208_1	ICMB	4	TSI	1	1
NA20783	ERR188171	NA20783.4.M_120208_6	ICMB	4	TSI	1	1
NA20785	ERR188173	NA20785.4.M_120208_1	ICMB	4	TSI	1	1
NA20786	ERR188192	NA20786.2.M_111215_8	CNAG_CRG	2	TSI	1	1
NA20787	ERR188360	NA20787.6.M_120119_3	UU	6	TSI	1	1
NA20790	ERR188155	NA20790.2.M_111215_6	CNAG_CRG	2	TSI	1	1
NA20792	ERR188195	NA20792.6.M_120119_6	UU	6	TSI	1	1
NA20795	ERR188384	NA20795.5.M_120131_1	HMGU	5	TSI	1	1
NA20796	ERR188316	NA20796.1.M_120209_2	UNIGE	1	TSI	1	1
NA20797	ERR188132	NA20797.2.M_111215_6	CNAG_CRG	2	TSI	1	1
NA20798	ERR188335	NA20798.6.M_120119_6	UU	6	TSI	1	1
NA20799	ERR188405	NA20799.1.M_111124_3	UNIGE	1	TSI	1	1
NA20800	ERR188419	NA20800.1.M_111124_5	UNIGE	1	TSI	1	1
NA20801	ERR188281	NA20801.7.M_120219_5	LUMC	7	TSI	1	1
NA20802	ERR188249	NA20802.1.M_111124_7	UNIGE	1	TSI	1	1
NA20803	ERR188437	NA20803.7.M_120219_1	LUMC	7	TSI	1	1
NA20804	ERR188147	NA20804.4.M_120208_1	ICMB	4	TSI	1	1
NA20805	ERR188286	NA20805.4.M_120208_7	ICMB	4	TSI	1	1
NA20806	ERR188094	NA20806.3.M_120202_5	MPIMG	3	TSI	1	1
NA20807	ERR188372	NA20807.5.M_120131_1	HMGU	5	TSI	1	1
NA20808	ERR188253	NA20808.4.M_120208_6	ICMB	4	TSI	1	1
NA20809	ERR188282	NA20809.6.M_120119_2	UU	6	TSI	1	1
NA20810	ERR188408	NA20810.2.M_111215_7	CNAG_CRG	2	TSI	1	1
NA20811	ERR188290	NA20811.1.M_111124_5	UNIGE	1	TSI	1	1
NA20812	ERR188137	NA20812.2.M_111216_6	CNAG_CRG	2	TSI	1	1
NA20813	ERR188394	NA20813.5.M_120131_1	HMGU	5	TSI	1	1
NA20814	ERR188265	NA20814.2.M_111215_6	CNAG_CRG	2	TSI	1	1
NA20815	ERR188475	NA20815.5.M_120131_5	HMGU	5	TSI	1	1
NA20816	ERR188210	NA20816.3.M_120202_7	MPIMG	3	TSI	1	0
NA20819	ERR188424	NA20819.3.M_120202_2	MPIMG	3	TSI	1	1
NA20826	ERR188125	NA20826.1.M_111124_1	UNIGE	1	TSI	1	1
NA20828	ERR188406	NA20828.2.M_111216_8	CNAG_CRG	2	TSI	1	1
